시군구코드,업종코드,년도,업소일련번호,업종명,신고일자,업소명,영업장면적(㎡),소재지전화번호,영업자시작일,법인명,소재지시작일,행정동명,폐업일자,폐업사유,업태명,위생교육수료일자,객실수,한실수,양실수,의자수,욕실수,발한실,세탁기수,허가(신고)번호,내외국인구분,국적,소재지도로명,소재지지번
3000000,211,1965,1,미용업(일반),19650107,승희,14.08,02 7624737,19970421,,20021205,혜화동,,,일반미용업,20100511,0,,,3,,N,,3000000-211-1965-00001,내국인,,서울특별시 종로구 성균관로5길 5 (명륜2가),서울특별시 종로구 명륜2가  140번지 2호  
3000000,211,1968,1,미용업(일반),19680917,몽땅,35,02 7369397,19970421,,19970421,사직동,,,일반미용업,20100511,0,,,5,,N,,3000000-211-1968-00001,내국인,,서울특별시 종로구 자하문로1길 44 (체부동),서울특별시 종로구 체부동  209번지  
3000000,211,1968,1,미용업(일반),19680917,몽땅,18,02 7369397,19970421,,19970421,사직동,,,일반미용업,20100511,0,,,5,,N,,3000000-211-1968-00001,내국인,,서울특별시 종로구 자하문로1길 44 (체부동),서울특별시 종로구 체부동  209번지  
3000000,211,1968,2,미용업(일반),19680529,YMCA,73,02 7327580,19970421,,19970421,종로1.2.3.4가동,,,일반미용업,20100511,0,,,7,,N,,3000000-211-1968-00002,내국인,,서울특별시 종로구 종로 69 (종로2가),서울특별시 종로구 종로2가  9번지  
3000000,211,1971,1,미용업(일반),19710127,시온헤어,50,02 7346962,20120116,,19970421,종로1.2.3.4가동,20150409,개인사정,일반미용업,,0,,,6,,N,,3000000-211-1971-00001,내국인,,서울특별시 종로구 종로 80-1 2층 (종로2가),서울특별시 종로구 종로2가  75번지 7호  2층
3000000,211,1973,1,미용업(일반),19730425,금별,15.64,02 7623851,19970421,,19970421,종로5.6가동,,,일반미용업,20100511,0,,,2,,N,,3000000-211-1973-00001,내국인,,서울특별시 종로구 율곡로16길 22 (충신동),서울특별시 종로구 충신동  96번지  
3000000,211,1974,1,미용업(일반),19741203,라베스타 에코헤어,66,02 7626724,20150911,,20110104,종로5.6가동,,,일반미용업,20131231,0,0,0,6,0,N,0,3000000-211-1974-00001,내국인,,서울특별시 종로구 종로41길 36 1층 (종로6가),서울특별시 종로구 종로6가  189번지  
3000000,211,1975,1,미용업(일반),19750317,문,11,02 7622602,19970421,,19970421,창신제2동,,,일반미용업,20100511,0,,,3,,N,,3000000-211-1975-00001,내국인,,서울특별시 종로구 창신5나길 29 (창신동),서울특별시 종로구 창신동  583번지 40호  
3000000,211,1975,2,미용업(일반),19750916,오성,11.2,222733862,19970421,,19750916,종로1.2.3.4가동,,,일반미용업,20100511,0,,,2,,N,,3000000-211-1975-00002,내국인,,서울특별시 종로구 창경궁로12길 15 (예지동),서울특별시 종로구 예지동  6번지 2호  
3000000,211,1976,1,미용업(일반),19761018,유정,20,02 7387333,19970421,,19970421,청운효자동,,,일반미용업,20100511,0,,,3,,N,,3000000-211-1976-00001,내국인,,서울특별시 종로구 자하문로 63 (옥인동),서울특별시 종로구 옥인동  19번지 33호  
3000000,211,1977,1,미용업(일반),19770609,보라,49.58,02 7643530,20151026,,20170925,창신제1동,,,일반미용업,20131231,0,,,3,,N,,3000000-211-1977-00001,내국인,,서울특별시 종로구 종로54길 9-21 1층 1호 (창신동),서울특별시 종로구 창신동  329번지 1호  
3000000,211,1978,1,미용업(일반),19780630,박,20,02 7353044,19970421,,19970421,청운효자동,,,일반미용업,20100511,0,,,2,,N,,3000000-211-1978-00001,내국인,,서울특별시 종로구 자하문로16길 8 (창성동),서울특별시 종로구 창성동  87번지 1호  
3000000,211,1978,2,미용업(일반),19780807,블랑드헤어,41.19,02 7337754,20160224,,20080501,종로1.2.3.4가동,,,일반미용업,,0,,,4,,N,,3000000-211-1978-00002,내국인,,서울특별시 종로구 삼봉로 81 2층 208호 (수송동 두산위브파빌리온),서울특별시 종로구 수송동  58번지  두산위브파빌리온-208
3000000,211,1978,3,미용업(일반),19780426,은혜,22.74,02  762 6707,20000420,,19970421,이화동,,,일반미용업,20100511,0,,,2,,N,,3000000-211-1978-00003,내국인,,서울특별시 종로구 낙산길 6 (동숭동),서울특별시 종로구 동숭동  31번지 20호  
3000000,211,1978,3,미용업(일반),19780426,은혜,22.74,02  762 6707,20180418,,19970421,이화동,,,일반미용업,,0,,,2,,N,,3000000-211-1978-00003,내국인,,서울특별시 종로구 낙산길 6 (동숭동),서울특별시 종로구 동숭동  31번지 20호  
3000000,211,1979,1,미용업(일반),19791019,성화,13,02 7432418,19970421,,19970421,창신제2동,,,일반미용업,20100511,0,,,2,,N,,3000000-211-1979-00001,내국인,,서울특별시 종로구 창신길 106 (창신동),서울특별시 종로구 창신동  595번지  
3000000,211,1981,1,미용업(일반),19810429,상희,13,02  745 4326,19970421,,20150506,종로1.2.3.4가동,,,일반미용업,20131231,0,,,2,,N,,3000000-211-1981-00001,내국인,,서울특별시 종로구 삼일대로30길 36 1층 (익선동),서울특별시 종로구 익선동  127번지 5호  
3000000,211,1981,2,미용업(일반),19810819,오샤레 헤어,69,02 9239690,19970421,,19970421,숭인제2동,20161028,연세때문에(종로세무서_사업자등록증폐업함2014-03-21),일반미용업,20100511,0,,,5,,N,,3000000-211-1981-00002,내국인,,서울특별시 종로구 숭인동길 35 (숭인동),서울특별시 종로구 숭인동  759번지  
3000000,211,1982,1,미용업(일반),19820219,귀빈,12.76,02 3793080,19970421,,19970421,부암동,,,일반미용업,20100511,0,,,2,,N,,3000000-211-1982-00001,내국인,,서울특별시 종로구 진흥로 484 (신영동),서울특별시 종로구 신영동  240번지  
3000000,211,1983,1,미용업(일반),19830322,우성,18.9,02 7654468,20120531,,20010825,종로1.2.3.4가동,,,일반미용업,,0,,,2,,N,,3000000-211-1983-00001,내국인,,서울특별시 종로구 수표로 118 1층 (낙원동),서울특별시 종로구 낙원동  146번지  
3000000,211,1983,2,미용업(일반),19830609,현,31,02 7423984,19970421,,20021205,종로5.6가동,20150902,기타,일반미용업,20100511,0,,,2,,N,,3000000-211-1983-00002,내국인,,서울특별시 종로구 김상옥로 73 (충신동),서울특별시 종로구 충신동  29번지 5호  
3000000,211,1983,3,미용업(일반),19830402,현대,27,02 7435189,20010809,,19970421,종로5.6가동,,,일반미용업,20100511,0,,,4,,N,,3000000-211-1983-00003,내국인,,서울특별시 종로구 율곡로 243-5 (충신동),서울특별시 종로구 충신동  41번지  
3000000,211,1984,1,미용업(일반),19841108,수경,16.52,02 7653706,19970421,,20111206,종로1.2.3.4가동,,,일반미용업,20100511,0,,,3,,N,,3000000-211-1984-00001,내국인,,서울특별시 종로구 돈화문로11가길 37 1층 (익선동),서울특별시 종로구 익선동  105번지  1층
3000000,211,1984,2,미용업(일반),19841012,젤라,27,02 7425040,19970421,,19841012,종로1.2.3.4가동,,,일반미용업,20100511,0,,,1,,N,,3000000-211-1984-00002,내국인,,서울특별시 종로구 종로 199 지하1층 (종로4가 한일빌딩),서울특별시 종로구 종로4가  5번지  
3000000,211,1986,1,미용업(일반),19860821,용,26.6,02 9260021,19970421,,20060327,숭인제1동,,,일반미용업,20131231,0,,,3,,N,,3000000-211-1986-00001,내국인,,서울특별시 종로구 보문로 19-1 (숭인동),서울특별시 종로구 숭인동  1214번지  
3000000,211,1986,2,미용업(일반),19860624,정미용실,16.5,02 7451677,19970421,,19970421,이화동,,,일반미용업,20100511,0,,,2,,N,,3000000-211-1986-00002,내국인,,서울특별시 종로구 율곡로19길 68-1 (이화동),서울특별시 종로구 이화동  9번지 202호  
3000000,211,1987,1,미용업(일반),19870625,선이,12.93,02 7440505,20140519,,19970421,창신제2동,,,일반미용업,,0,,,2,,N,,3000000-211-1987-00001,내국인,,서울특별시 종로구 창신5나길 4 (창신동),서울특별시 종로구 창신동  131번지 5호  
3000000,211,1988,1,미용업(일반),19881118,류영헤어투비,122.84,02 7233599,20151229,,20170906,종로1.2.3.4가동,,,일반미용업,20131231,0,,,7,,N,,3000000-211-1988-00001,내국인,,서울특별시 종로구 청계천로 67 201호 (관철동),서울특별시 종로구 관철동  155번지  
3000000,211,1988,2,미용업(일반),19880519,낭자김,21.79,02 7332584,20110922,,20071128,청운효자동,,,일반미용업,,0,,,3,,N,,3000000-211-1988-00002,내국인,,서울특별시 종로구 자하문로7길 42 (통인동1층),서울특별시 종로구 통인동  76번지 3호  1층
3000000,211,1988,3,미용업(일반),19881124,이영헤어펀,25.16,02  762 6638,19970421,,20080624,창신제2동,,,일반미용업,20100511,0,,,4,,N,,3000000-211-1988-00003,내국인,,서울특별시 종로구 창신길 42 1층 (창신동),서울특별시 종로구 창신동  582번지 3호  
3000000,211,1989,1,미용업(일반),19891227,러스,19,02 7433578,19970422,,19970422,혜화동,,,일반미용업,20100511,0,,,3,,N,,3000000-211-1989-00001,내국인,,서울특별시 종로구 혜화로 3-1 (혜화동),서울특별시 종로구 혜화동  110번지 2호  
3000000,211,1989,2,미용업(일반),19890218,하니,19,02 7454086,20160303,,19970421,창신제2동,,,일반미용업,,0,,,3,,N,,3000000-211-1989-00002,내국인,,서울특별시 종로구 창신4가길 1 (창신동),서울특별시 종로구 창신동  647번지 17호  
3000000,211,1989,3,미용업(일반),19890215,궁전,49.13,02 3792158,20161216,,20030222,평창동,,,일반미용업,,0,,,3,,N,,3000000-211-1989-00003,내국인,,서울특별시 종로구 진흥로22길 12 1층 (구기동),서울특별시 종로구 구기동  96번지  
3000000,211,1991,1,미용업(일반),19911220,세검미용실,23,02 3795437,19970609,,20090112,부암동,,,일반미용업,20100511,0,0,0,3,0,N,0,3000000-211-1991-00001,내국인,,서울특별시 종로구 자하문로 306 1층 (홍지동),서울특별시 종로구 홍지동  99번지 3호  1층
3000000,211,1991,2,미용업(일반),19911216,정현,21,02 7238072,19970609,,19970609,교남동,,,일반미용업,20131231,0,,,2,,N,,3000000-211-1991-00002,내국인,,서울특별시 종로구 사직로1길 58-1 (행촌동),서울특별시 종로구 행촌동  210번지 120호  
3000000,211,1991,3,미용업(일반),19910315,선화,18,02 7667269,20170925,,19970609,혜화동,,,일반미용업,,0,0,0,4,0,N,0,3000000-211-1991-00003,내국인,,서울특별시 종로구 성균관로 54 (명륜1가),서울특별시 종로구 명륜1가  68번지 16호  
3000000,211,1991,4,미용업(일반),19911211,실로암미용실,45,02 7321525,20020318,,20140721,청운효자동,20151102,신체상 이유,일반미용업,20131231,0,0,0,3,0,N,0,3000000-211-1991-00004,내국인,,서울특별시 종로구 자하문로 64 (효자동),서울특별시 종로구 효자동  27번지  
3000000,211,1992,1,미용업(일반),19920128,규수방,14,222725824,19970609,,19970609,종로5.6가동,,,일반미용업,20100511,0,,,3,,N,,3000000-211-1992-00001,내국인,,서울특별시 종로구 청계천로 245-1 (종로5가),서울특별시 종로구 종로5가  503번지 24호  
3000000,211,1993,1,미용업(일반),19930904,별헤어,27.27,02 7621730,20010817,,20110726,종로5.6가동,,,일반미용업,20100511,0,0,0,3,0,N,0,3000000-211-1993-00001,내국인,,서울특별시 종로구 율곡로 270 1층 (종로6가),서울특별시 종로구 종로6가  197번지 5호  
3000000,211,1993,2,미용업(일반),19930925,미모머리방,17.05,02 7430830,19970609,,19970609,창신제2동,,,일반미용업,20100511,0,,,2,,N,,3000000-211-1993-00002,내국인,,서울특별시 종로구 창신길 133 (창신동),서울특별시 종로구 창신동  627번지 156호  
3000000,211,1993,3,미용업(일반),19930630,새라미용실,28.35,02  763 0637,19980724,,19980724,가회동,,,일반미용업,20131231,0,,,5,,N,,3000000-211-1993-00003,내국인,,서울특별시 종로구 계동길 55 (계동),서울특별시 종로구 계동  100번지 2호  
3000000,211,1995,1,미용업(일반),19950824,와이,39,02 7633329,19970609,,19970609,혜화동,,,일반미용업,20100511,0,,,6,,N,,3000000-211-1995-00001,내국인,,서울특별시 종로구 대학로 144 (혜화동중원빌딩 218호),서울특별시 종로구 혜화동  185번지  중원빌딩 218호
3000000,211,1995,2,미용업(일반),19950408,엔오 스타일헤어 21호점,61.7,02 7658465,20131217,,19970609,혜화동,,,일반미용업,20141126,0,,,8,,N,,3000000-211-1995-00002,내국인,,서울특별시 종로구 성균관로 20-1 (명륜2가),서울특별시 종로구 명륜2가  116번지  
3000000,211,1996,1,미용업(일반),19960313,전헤어써클,56,02 7381197,19970609,,19970609,무악동,20180914,영업부진,일반미용업,20100511,0,,,6,,N,,3000000-211-1996-00001,내국인,,서울특별시 종로구 통일로 266 102호 (무악동),서울특별시 종로구 무악동  63번지 9호  -102
3000000,211,1996,2,미용업(일반),19960123,영화미용실,21,02 7389399,20140421,,19970609,종로1.2.3.4가동,,,일반미용업,20041021,0,0,0,3,0,N,0,3000000-211-1996-00002,내국인,,서울특별시 종로구 인사동길 53-2 (관훈동),서울특별시 종로구 관훈동  155번지 5호  
3000000,211,1997,1,미용업(일반),19970627,쉐레이,31.05,232162489,19970627,,20141028,평창동,,,일반미용업,20131231,0,,,3,,N,,3000000-211-1997-00001,내국인,,서울특별시 종로구 진흥로 432 4층 407호 (구기동 요진오피스텔쉐레이),서울특별시 종로구 구기동  110번지 1호  요진오피스텔쉐레이-407
3000000,211,1997,2,미용업(일반),19970125,와이헤어(Y hair),28.31,02 7427459,19970625,,20040304,종로1.2.3.4가동,20131218,사망,일반미용업,20100511,0,,,3,,N,,3000000-211-1997-00002,내국인,,서울특별시 종로구 수표로 117 4층 9호 (낙원동),서울특별시 종로구 낙원동  212번지  
3000000,211,1997,3,미용업(일반),19970531,수지헤어,13.2,02 3791210,19970602,,20140206,평창동,,,일반미용업,20131231,0,,,2,,N,,3000000-211-1997-00003,내국인,,서울특별시 종로구 평창길 7-1 (평창동),서울특별시 종로구 평창동  298번지 9호  
3000000,211,1998,1,미용업(일반),19980324,다우리,26,02 7308983,20170906,,19980324,무악동,,,일반미용업,,0,,,4,,N,,3000000-211-1998-00001,내국인,,서울특별시 종로구 통일로12길 41-1 (무악동),서울특별시 종로구 무악동  46번지 921호  
3000000,211,1998,2,미용업(일반),19980402,박현순 헤어샵,18,02  738 9654,19980402,,19980402,청운효자동,,,일반미용업,20100511,0,,,3,,N,,3000000-211-1998-00002,내국인,,서울특별시 종로구 자하문로7길 22 (통인동),서울특별시 종로구 통인동  152번지  
3000000,211,1998,2,미용업(일반),19980402,박현순 헤어샵,18,02  738 9654,20190308,,19980402,청운효자동,,,일반미용업,,0,,,3,,N,,3000000-211-1998-00002,내국인,,서울특별시 종로구 자하문로7길 22 (통인동),서울특별시 종로구 통인동  152번지  
3000000,211,1999,1,미용업(일반),19990520,두리원미용실,18.85,232170021,19990520,,19990520,평창동,,,일반미용업,20100511,0,,,3,,N,,3000000-211-1999-00001,내국인,,서울특별시 종로구 진흥로 456 (구기동),서울특별시 종로구 구기동  95번지 27호  
3000000,211,1999,2,미용업(일반),19990528,제이헤어필,24,222367139,19990528,,20050401,숭인제2동,,,일반미용업,20100511,0,,,4,,N,,3000000-211-1999-00002,내국인,,서울특별시 종로구 종로66길 8 1층 (숭인동),서울특별시 종로구 숭인동  200번지 7호  
3000000,211,1999,3,미용업(일반),19990510,시마,61.8,02 7441815,20010222,,20130807,숭인제1동,,,일반미용업,20100511,0,,,6,,N,,3000000-211-1999-00003,내국인,,서울특별시 종로구 지봉로8길 55 (숭인동),서울특별시 종로구 숭인동  61번지 103호  
3000000,211,2000,1,미용업(일반),20001120,선민,6.6,02 7658390,20001121,,20001121,종로1.2.3.4가동,,,일반미용업,20100511,0,,,2,,N,,3000000-211-2000-00001,내국인,,서울특별시 종로구 삼일대로30길 21 지하2층 (낙원동 종로오피스텔),서울특별시 종로구 낙원동  58번지 1호  종로오피스텔 지하2층
3000000,211,2000,2,미용업(일반),20000602,깍세미용실,16,02 7663863,20080901,,20000612,창신제2동,,,일반미용업,20100511,0,,,3,,N,,3000000-211-2000-00002,내국인,,서울특별시 종로구 창신5나길 17 (창신동),서울특별시 종로구 창신동  583번지 2호  
3000000,211,2001,1,미용업(일반),20011004,미래,23,02 7428310,20011004,,20011004,숭인제1동,,,일반미용업,20100511,0,,,3,,N,,3000000-211-2001-00001,내국인,,서울특별시 종로구 지봉로 102 (숭인동),서울특별시 종로구 숭인동  9번지 9호  
3000000,211,2001,2,미용업(일반),20010219,머리만들기,36,02 7364563,20120501,,20030715,청운효자동,,,일반미용업,,0,,,5,,N,,3000000-211-2001-00002,내국인,,서울특별시 종로구 자하문로7길 62 1층 (통인동),서울특별시 종로구 통인동  46번지 14호  1층
3000000,211,2002,1,미용업(일반),20021118,명인미용실,24,02 7229939,20130311,,20021118,무악동,,,일반미용업,,0,,,5,,N,,3000000-211-2002-00001,내국인,,서울특별시 종로구 통일로14길 6-5 (무악동),서울특별시 종로구 무악동  45번지 20호  
3000000,211,2002,2,미용업(일반),20021001,티아라헤어,34,02 7647765,20021001,,20021001,혜화동,,,일반미용업,20100511,0,,,6,,N,,3000000-211-2002-00002,내국인,,서울특별시 종로구 성균관로 10 (명륜2가),서울특별시 종로구 명륜2가  211번지 1호  
3000000,211,2002,3,미용업(일반),20021026,제리안헤어,49.59,236734305,20021026,,20090707,창신제3동,,,일반미용업,20100511,0,,,5,,N,,3000000-211-2002-00003,내국인,,서울특별시 종로구 지봉로 81 106호 (창신동 브라운스톤상가),서울특별시 종로구 창신동  23번지 76호  브라운스톤상가-106
3000000,211,2002,4,미용업(일반),20021101,조성구헤어드림,28,236726254,20021118,,20021118,창신제3동,,,일반미용업,20100511,0,,,3,,N,,3000000-211-2002-00004,내국인,,서울특별시 종로구 지봉로 107 (창신동),서울특별시 종로구 창신동  20번지 15호  
3000000,211,2002,5,미용업(일반),20021017,김희주헤어닥터,56,02 7650572,20021017,,20021017,이화동,,,일반미용업,20100511,0,,,5,,N,,3000000-211-2002-00005,내국인,,서울특별시 종로구 대학로7길 7 (연건동),서울특별시 종로구 연건동  66번지  
3000000,211,2002,6,미용업(일반),20020131,더 살롱 아베다,73,,20020131,,20020131,사직동,20171016,폐업,일반미용업,20131231,0,0,0,8,0,N,0,3000000-211-2002-00006,내국인,,서울특별시 종로구 경희궁길 7 (신문로2가),서울특별시 종로구 신문로2가  1번지 143호  
3000000,211,2002,7,미용업(일반),20020928,은미용실,33,222759787,20020928,,20020928,종로1.2.3.4가동,,,일반미용업,20100511,0,,,4,,Y,,3000000-211-2002-00007,내국인,,서울특별시 종로구 창경궁로12길 1 (예지동),서울특별시 종로구 예지동  22번지  
3000000,211,2002,8,미용업(일반),20020507,송이미용실,14,02 7665523,20020507,,20020507,종로5.6가동,20170308,폐업,일반미용업,20100511,0,,,2,,N,,3000000-211-2002-00008,내국인,,서울특별시 종로구 충신4나길 1 (충신동),서울특별시 종로구 충신동  1번지 180호  
3000000,211,2003,1,미용업(일반),20030916,사랑헤어샵,22.12,02 7422860,20030916,,20030916,창신제1동,,,일반미용업,20100511,0,,,3,,N,,3000000-211-2003-00001,내국인,,서울특별시 종로구 지봉로5길 7 201호 (창신동 두산아파트상가),서울특별시 종로구 창신동  232번지  두산아파트상가-201
3000000,211,2003,2,미용업(일반),20030403,가인헤어갤러리,17.81,02 7324321,20120629,,20070329,사직동,,,일반미용업,20131231,0,,,2,,N,,3000000-211-2003-00002,내국인,,서울특별시 종로구 새문안로5길 19 지하1층 24호 (당주동 로얄빌딩),서울특별시 종로구 당주동  5번지  로얄빌딩 지하1층 24호
3000000,211,2003,3,미용업(일반),20031017,머리하는날,,02 3796802,20031017,,20050720,부암동,,,일반미용업,20100511,0,,,2,,N,,3000000-211-2003-00003,내국인,,서울특별시 종로구 창의문로 142 1층 (부암동),서울특별시 종로구 부암동  261번지 1호  1층
3000000,211,2003,4,미용업(일반),20030331,박승철헤어스투디오,89,02 7381234,20071112,,20030331,종로1.2.3.4가동,,,일반미용업,20100511,0,,,10,,N,,3000000-211-2003-00004,내국인,,서울특별시 종로구 우정국로2길 8 2-3층 (관철동 쎄븐빌딩),서울특별시 종로구 관철동  260번지  
3000000,211,2003,4,미용업(일반),20030331,박승철헤어스투디오,89,02 7381234,20180605,,20030331,종로1.2.3.4가동,,,일반미용업,,0,,,10,,N,,3000000-211-2003-00004,내국인,,서울특별시 종로구 우정국로2길 8 2-3층 (관철동 쎄븐빌딩),서울특별시 종로구 관철동  260번지  
3000000,211,2003,4,미용업(일반),20030331,박승철헤어스투디오,89,02 7381234,20181227,,20030331,종로1.2.3.4가동,,,일반미용업,,0,,,10,,N,,3000000-211-2003-00004,내국인,,서울특별시 종로구 우정국로2길 8 2-3층 (관철동 쎄븐빌딩),서울특별시 종로구 관철동  260번지  
3000000,211,2003,5,미용업(일반),20030724,린 헤어,23,222722934,20090313,,20140617,,20140918,개인사정,일반미용업,20100506,0,0,0,3,0,N,0,3000000-211-2003-00005,내국인,,서울특별시 종로구 숭인동길 59 (숭인동),
3000000,211,2004,1,미용업(일반),20040622,머리에봄,27.8,02  720 0206,20040622,,20040622,사직동,,,일반미용업,20100729,0,,,4,,N,,3000000-211-2004-00001,내국인,,서울특별시 종로구 사직로8길 34 175호 (내수동 경희궁의아침상가),서울특별시 종로구 내수동  72번지  경희궁의아침상가-175
3000000,211,2004,2,미용업(일반),20040426,카라헤어,18.77,02 7652425,20040426,,20040426,가회동,,,일반미용업,20100511,0,,,3,,N,,3000000-211-2004-00002,내국인,,서울특별시 종로구 북촌로6길 1 1층 (가회동),서울특별시 종로구 가회동  208번지 7호  
3000000,211,2004,3,미용업(일반),20040816,우정헤어샵,66.12,02 3915490,20040816,,20130902,평창동,20190501,영업부진,일반미용업,20100511,0,,,3,,N,,3000000-211-2004-00003,내국인,,서울특별시 종로구 평창문화로 35 1층 (평창동),서울특별시 종로구 평창동  300번지 1호  
3000000,211,2004,4,미용업(일반),20041208,민스헤어,98.86,02 7472203,20111004,,20041208,창신제1동,,,일반미용업,,0,,,8,,N,,3000000-211-2004-00004,내국인,,서울특별시 종로구 종로 336 2층 (창신동),서울특별시 종로구 창신동  326번지 6호  
3000000,211,2005,1,미용업(일반),20050530,허지원 머리나라,23.1,02 7644919,20050530,,20050530,이화동,,,일반미용업,20100511,0,,,3,,N,,3000000-211-2005-00001,내국인,,서울특별시 종로구 이화장1길 3 102호 (이화동),서울특별시 종로구 이화동  61번지 8호  -102
3000000,211,2005,2,미용업(일반),20050810,성은미용실,19.8,02  766 8335,20130809,,20050810,창신제1동,,,일반미용업,20100511,0,,,3,,N,,3000000-211-2005-00002,내국인,,서울특별시 종로구 창신5길 89 1층 (창신동),서울특별시 종로구 창신동  84번지 3호  
3000000,211,2005,3,미용업(일반),20050627,복 헤어,37,02  733 5861,20080317,,20050627,청운효자동,,,일반미용업,20100511,0,,,4,,N,,3000000-211-2005-00003,내국인,,서울특별시 종로구 옥인길 8 (옥인동1층),서울특별시 종로구 옥인동  104번지  1층
3000000,211,2005,4,미용업(일반),20050920,에이치앤와이 헤어샵,64.76,02 3925681,20050920,,20150727,삼청동,20200318,건물매도,일반미용업,20110504,0,,,3,,N,,3000000-211-2005-00004,내국인,,서울특별시 종로구 팔판길 1-14 1층 (팔판동),서울특별시 종로구 팔판동  123번지 3호  
3000000,211,2006,1,미용업(일반),20060925,누벨꾸쁘헤어,44.4,02 3918883,20060925,,20060925,평창동,,,일반미용업,20100511,0,,,4,,N,,3000000-211-2006-00001,내국인,,서울특별시 종로구 평창12길 3 303호 (평창동 나라빌딩),서울특별시 종로구 평창동  182번지 11호  나라빌딩-303
3000000,211,2006,2,미용업(일반),20060501,더블유(W)헤어창신점,66.74,02 7652363,20151224,,20060501,창신제1동,,,일반미용업,,0,,,5,,N,,3000000-211-2006-00002,내국인,,서울특별시 종로구 지봉로 67 (창신동),서울특별시 종로구 창신동  128번지 33호  
3000000,211,2006,2,미용업(일반),20060501,더블유(W)헤어창신점,66.74,02 7652363,20180430,,20060501,창신제1동,,,일반미용업,,0,,,5,,N,,3000000-211-2006-00002,내국인,,서울특별시 종로구 지봉로 67 (창신동),서울특별시 종로구 창신동  128번지 33호  
3000000,211,2006,3,미용업(일반),20060920,나나미용실,23.1,02 7375640,20060920,,20060920,사직동,,,일반미용업,20100511,0,,,3,,N,,3000000-211-2006-00003,내국인,,서울특별시 종로구 사직로 111-1 (내자동),서울특별시 종로구 내자동  21번지 1호  
3000000,211,2007,1,미용업(일반),20070322,진헤어랜드,29.7,02 3960575,20090206,,20070322,평창동,,,일반미용업,20100511,0,,,4,,N,,3000000-211-2007-00001,내국인,,서울특별시 종로구 평창길 4 (평창동2층),서울특별시 종로구 평창동  299번지 1호  2층
3000000,211,2007,2,미용업(일반),20070827,머리까끼,13,02  720 9597,20070827,,20121212,청운효자동,,,일반미용업,20100511,0,0,0,3,0,,0,3000000-211-2007-00002,내국인,,서울특별시 종로구 옥인길 30-2 1층 (옥인동),서울특별시 종로구 옥인동  156번지 1호  1층
3000000,211,2007,3,미용업(일반),20070104,베아르시,79.2,02  720 7750,20070104,,20070104,사직동,,,일반미용업,20100511,0,,,5,,N,,3000000-211-2007-00003,내국인,,서울특별시 종로구 자하문로 30 1층 (통의동),서울특별시 종로구 통의동  102번지  1층
3000000,211,2007,4,미용업(일반),20071002,준오헤어,192.76,02  744 0605,20150917,,20071002,이화동,,,일반미용업,20150606,0,0,0,12,0,N,0,3000000-211-2007-00004,내국인,,서울특별시 종로구 대학로 132 3층 (동숭동 ABC마트빌딩),서울특별시 종로구 동숭동  1번지 35호  ABC마트빌딩 3층
3000000,211,2008,1,미용업(일반),20080506,아 레즈 헤어샵,36.04,02  734 9989,20110324,,20080506,사직동,,,일반미용업,,0,0,0,4,0,,0,3000000-211-2008-00001,내국인,,서울특별시 종로구 사직로8길 4 M동 119호 (사직동 풍림스페이스본),서울특별시 종로구 사직동  9번지 M 풍림스페이스본-119
3000000,211,2008,2,미용업(일반),20080526,W3(더블유쓰리)헤어,68.86,02  766 2363,20080526,,20080526,숭인제1동,,,일반미용업,20100511,0,0,0,7,0,,0,3000000-211-2008-00002,내국인,,서울특별시 종로구 지봉로 70-2 1층 (숭인동),서울특별시 종로구 숭인동  61번지 61호  1층
3000000,211,2008,3,미용업(일반),20080610,미나미헤어살롱,48,5439700,20080610,,20151207,종로1.2.3.4가동,,,일반미용업,,0,0,0,2,0,N,0,3000000-211-2008-00003,내국인,,서울특별시 종로구 돈화문로 57 2층 (묘동),서울특별시 종로구 묘동  149번지 1호  2층
3000000,211,2009,1,미용업(일반),20090325,더 스타일 헤어,23,,20120420,,20090325,종로1.2.3.4가동,,,일반미용업,20131231,0,0,0,3,0,N,0,3000000-211-2009-00001,내국인,,서울특별시 종로구 종로 19 1층 126호 (종로1가 르메이에르종로타운),서울특별시 종로구 종로1가  24번지  르메이에르종로타운 1층 126호
3000000,211,2009,2,미용업(일반),20091019,JOO HAIR,158.4,,20091019,,20091019,혜화동,20140730,개인사정,일반미용업,20100729,0,0,0,11,0,N,0,3000000-211-2009-00002,내국인,,서울특별시 종로구 대명길 40 3층 (명륜2가),서울특별시 종로구 명륜2가  184번지  
3000000,211,2009,3,미용업(일반),20090227,니꼴라 헤어살롱,48.78,070 76484749,20121106,,20090227,평창동,,,일반미용업,,0,0,0,2,0,N,0,3000000-211-2009-00003,내국인,,서울특별시 종로구 평창11길 3-5 2층 (평창동),서울특별시 종로구 평창동  312번지 1호  2층
3000000,211,2009,3,미용업(일반),20090227,니꼴라 헤어살롱,48.78,070 76484749,20200117,,20090227,평창동,,,일반미용업,,0,0,0,2,0,N,0,3000000-211-2009-00003,내국인,,서울특별시 종로구 평창11길 3-5 2층 (평창동),서울특별시 종로구 평창동  312번지 1호  2층
3000000,211,2009,4,미용업(일반),20091016,오경희 헤어,25,02  742 2888,20091016,,20130627,혜화동,,,일반미용업,20100511,0,0,0,3,0,N,0,3000000-211-2009-00004,내국인,,서울특별시 종로구 명륜길 53 1층 (명륜3가),서울특별시 종로구 명륜3가  1번지 1143호  1층
3000000,211,2009,5,미용업(일반),20090507,윤정헤어폼,22.02,236751983,20090507,,20090507,혜화동,,,일반미용업,20100511,0,0,0,4,0,N,0,3000000-211-2009-00005,내국인,,서울특별시 종로구 명륜길 37-1 1층 (명륜3가),서울특별시 종로구 명륜3가  1번지 214호  1층
3000000,211,2010,1,미용업(일반),20100517,유진 머리방,25,,20100517,,20110607,숭인제1동,,,일반미용업,,0,0,0,3,0,N,0,3000000-211-2010-00001,내국인,,서울특별시 종로구 숭인동길 68 (숭인동1층),서울특별시 종로구 숭인동  365번지  1층
3000000,211,2010,2,미용업(일반),20100118,헤어프로포즈,24.33,02  747 9397,20140430,,20100118,숭인제1동,,,일반미용업,,0,0,0,4,0,N,0,3000000-211-2010-00002,내국인,,서울특별시 종로구 종로 353 1층 (숭인동),서울특별시 종로구 숭인동  104번지  1층
3000000,211,2010,2,미용업(일반),20100118,헤어프로포즈,24.33,02  747 9397,20181221,,20100118,숭인제1동,,,일반미용업,,0,0,0,4,0,N,0,3000000-211-2010-00002,내국인,,서울특별시 종로구 종로 353 1층 (숭인동),서울특별시 종로구 숭인동  104번지  1층
3000000,211,2010,3,미용업(일반),20101203,리소헤어 대학로점,193.43,02  747 2425,20170222,,20160721,이화동,,,일반미용업,,0,0,0,16,0,N,0,3000000-211-2010-00003,내국인,,서울특별시 종로구 대학로 128 3층 (동숭동),서울특별시 종로구 동숭동  1번지 33호  
3000000,211,2010,3,미용업(일반),20101203,리소헤어 대학로점,193.43,02  747 2425,20180102,,20160721,이화동,,,일반미용업,20171229,0,0,0,16,0,N,0,3000000-211-2010-00003,내국인,,서울특별시 종로구 대학로 128 3층 (동숭동),서울특별시 종로구 동숭동  1번지 33호  
3000000,211,2011,1,미용업(일반),20110112,더네일(The Nail),27.75,02  723 9936,20110112,,20110112,사직동,20180227,사업부진,네일아트업,,0,0,0,5,0,N,0,3000000-211-2011-00001,내국인,,서울특별시 종로구 사직로8길 4 (사직동풍림스페이스본 301동 110호(지하)),서울특별시 종로구 사직동  9번지  풍림스페이스본 301동 110호(지하)
3000000,211,2011,2,미용업(일반),20110208,남자의자격,40.67,070 77227671,20130402,,20110208,숭인제1동,,,일반미용업,,0,0,0,3,0,N,0,3000000-211-2011-00002,내국인,,서울특별시 종로구 종로 347 (숭인동롯데캐슬천지인 1층 123호),서울특별시 종로구 숭인동  76번지  롯데캐슬천지인 1층 123호
3000000,211,2011,4,미용업(일반),20110323,네일로드,15.5,02  734 1730,20110323,,20110323,종로1.2.3.4가동,20180130,사업자등록 폐업(2017.11.29),네일아트업,,0,0,0,4,0,N,0,3000000-211-2011-00004,내국인,,서울특별시 종로구 삼봉로 81 111호 (수송동두산위브),서울특별시 종로구 수송동  58번지  두산위브-111
3000000,211,2011,5,미용업(일반),20110415,네일리본,62.81,02  953 4143,20110415,,20160802,,,,일반미용업,20131231,0,0,0,4,0,N,0,3000000-211-2011-00005,내국인,,서울특별시 종로구 종로 397 2층 (숭인동),
3000000,211,2011,6,미용업(일반),20110428,트리플엑스(TRIPLE X),74.43,02  36728283,20110428,,20110428,혜화동,20141203,개인사정,일반미용업,,0,0,0,6,0,N,0,3000000-211-2011-00006,내국인,,서울특별시 종로구 대명길 29 (명륜4가2층),서울특별시 종로구 명륜4가  54번지 1호  2층
3000000,211,2011,7,미용업(일반),20110617,찰스네일,37.8,02  730 4179,20110617,,20110617,종로1.2.3.4가동,,,네일아트업,,0,0,0,5,0,N,0,3000000-211-2011-00007,내국인,,서울특별시 종로구 종로12길 9 (관철동3층),서울특별시 종로구 관철동  14번지 11호  3층
3000000,211,2011,8,미용업(일반),20110712,찰스네일,26.4,02  730 5541,20110712,,20110712,종로1.2.3.4가동,20120306,영업부진,네일아트업,,0,0,0,6,0,N,0,3000000-211-2011-00008,내국인,,,서울특별시 종로구 종로2가  12번지  2층 202호
3000000,211,2011,9,미용업(일반),20111028,탑 헤어,49.5,222745506,20111028,,20140915,종로5.6가동,20171025,서울특별시 중구로 전출처리됨,일반미용업,20131231,0,0,0,4,0,N,0,3000000-211-2011-00009,내국인,,서울특별시 종로구 종로 258 201호 (종로6가 덕성빌딩),서울특별시 종로구 종로6가  253번지 6호  덕성빌딩-201
3000000,211,2011,11,미용업(일반),20111130,모리아띠,60,,20111130,,20111130,부암동,20121204,서울특별시 용산구로 전출처리됨,일반미용업,,0,0,0,2,0,N,0,3000000-211-2011-00011,내국인,,서울특별시 종로구 자하문로 242 (부암동 2층),서울특별시 종로구 부암동  208번지 71호  2층
3000000,211,2011,12,미용업(일반),20111212,파랑머리,77.36,02 7223638,20111212,,20111212,청운효자동,20120614,영업부진,일반미용업,,0,0,0,5,0,N,0,3000000-211-2011-00012,내국인,,서울특별시 종로구 자하문로 49-1 2층 (통인동),서울특별시 종로구 통인동  112번지  2층
3000000,211,2011,13,미용업(일반),20110915,스카이헤어,20,,20110915,,20110915,용강동,20120924,이전,일반미용업,,0,0,0,2,0,N,0,3000000-211-2011-00013,내국인,,,서울특별시 마포구 염리동  82번지 2호  (1층)
3000000,211,2011,14,미용업(일반),20110610,블루꽃남남성컷,20.9,02  745 5322,20110610,,20110610,숭인제1동,,,일반미용업,,0,0,0,2,0,N,0,3000000-211-2011-00014,내국인,,서울특별시 종로구 지봉로 62-1 1층 (숭인동),서울특별시 종로구 숭인동  65번지 11호  1층
3000000,211,2011,15,미용업(일반),20110829,에벤에셀 헤어샵,24.52,02 7223882,20110829,,20110829,청운효자동,20171101,집세가 올라서,일반미용업,,0,0,0,3,0,N,0,3000000-211-2011-00015,내국인,,서울특별시 종로구 자하문로7길 57 1층 (누하동),서울특별시 종로구 누하동  32번지  1층
3000000,211,2011,16,미용업(일반),20111206,다영헤어샵,57.85,02 7451511,20111206,,20111206,종로5.6가동,,,일반미용업,,0,0,0,3,0,N,0,3000000-211-2011-00016,내국인,,서울특별시 종로구 동호로 402-1 2층 (종로5가),서울특별시 종로구 종로5가  332번지 6호  2층
3000000,211,2012,1,미용업(일반),20120106,찰스네일,99.7,02  730 5541,20170331,,20120106,종로1.2.3.4가동,,,네일아트업,,0,0,0,5,0,N,0,3000000-211-2012-00001,내국인,,서울특별시 종로구 종로 87-1 3층 (종로2가),서울특별시 종로구 종로2가  23번지  3층
3000000,211,2012,2,미용업(일반),20120307,이츠네일,14.1,02 7334022,20120307,,20120307,사직동,20131118,영업부진,네일아트업,,0,0,0,8,0,N,0,3000000-211-2012-00002,내국인,,서울특별시 종로구 새문안로5길 19 지하1층 10호 (당주동 로얄빌딩),서울특별시 종로구 당주동  5번지  로얄빌딩 지하1층 10호
3000000,211,2012,3,미용업(일반),20120529,힐링헤어컷(Healing hair cut),12.3,,20120529,,20120529,사직동,,,일반미용업,,0,0,0,1,0,N,0,3000000-211-2012-00003,내국인,,서울특별시 종로구 사직로8길 20 1-104호 (내수동 파크팰리스),서울특별시 종로구 내수동  95번지  파크팰리스 1-104호
3000000,211,2012,4,미용업(일반),20120614,파랑머리,52.51,,20120614,,20130110,청운효자동,,,일반미용업,,0,0,0,6,0,N,0,3000000-211-2012-00004,내국인,,서울특별시 종로구 자하문로 35-3 102호 (통인동),서울특별시 종로구 통인동  147번지 7호  102호
3000000,211,2012,4,미용업(일반),20120614,파랑머리,52.51,,20180521,,20130110,청운효자동,,,일반미용업,,0,0,0,6,0,N,0,3000000-211-2012-00004,내국인,,서울특별시 종로구 자하문로 35-3 102호 (통인동),서울특별시 종로구 통인동  147번지 7호  102호
3000000,211,2012,5,미용업(일반),20120827,1st 조용관 종각역 젊음의거리 3관,202,02 7220815,20130411,,20120827,종로1.2.3.4가동,20170102,개인사유,일반미용업,,0,0,0,11,0,N,0,3000000-211-2012-00005,내국인,,서울특별시 종로구 우정국로2길 34 2층 (관철동),서울특별시 종로구 관철동  19번지 23호  2층
3000000,211,2012,6,미용업(일반),20121217,린헤어,25,,20121217,,20121217,숭인제2동,20140613,영업정리,일반미용업,,0,0,0,3,0,N,0,3000000-211-2012-00006,내국인,,서울특별시 종로구 숭인동길 59 1층 (숭인동),서울특별시 종로구 숭인동  694번지  1층
3000000,211,2012,7,미용업(일반),20120316,씨엔엘헤어(C&L Hair),41.4,,20120316,,20120316,혜화동,20170512,행정처분,일반미용업,,0,0,0,4,0,N,0,3000000-211-2012-00007,내국인,,서울특별시 종로구 성균관로 40 1층 (명륜1가),서울특별시 종로구 명륜1가  83번지 5호  1층
3000000,211,2012,8,미용업(일반),20120216,김민미용실,70,02  22340635,20120924,,20120216,숭인제2동,20150630,지위승계,일반미용업,,0,0,0,5,0,N,0,3000000-211-2012-00008,내국인,,서울특별시 종로구 난계로29길 14 2층 (숭인동),서울특별시 종로구 숭인동  1375번지  
3000000,211,2012,9,미용업(일반),20120130,김연희헤어컷,17.8,02 7322202,20120130,,20120130,사직동,20131231,영업부진,일반미용업,,0,0,0,2,0,N,0,3000000-211-2012-00009,내국인,,서울특별시 종로구 새문안로 92 지하1층 102호 (신문로1가 광화문오피시아빌딩),서울특별시 종로구 신문로1가  163번지  광화문오피시아빌딩 지하1층-102
3000000,211,2012,10,미용업(일반),20120816,윤정미용실,39.6,,20120816,,20131008,창신제2동,20170925,소재지이전,일반미용업,,0,0,0,4,0,N,0,3000000-211-2012-00010,내국인,,서울특별시 종로구 창신5길 6 2층 (창신동),서울특별시 종로구 창신동  582번지 5호  
3000000,211,2013,1,미용업(일반),20130114,블랑(BLANC),22.98,,20130114,,20150512,사직동,20200318,영업난,네일아트업,20131231,0,0,0,2,0,N,0,3000000-211-2013-00001,내국인,,서울특별시 종로구 새문안로5길 37 지하1층 32호 (도렴동 도렴빌딩),서울특별시 종로구 도렴동  60번지  도렴빌딩 지하상가-32
3000000,211,2013,2,미용업(일반),20130204,그린스토리헤어,29.75,070 82612988,20130204,,20130204,혜화동,,,일반미용업,,0,0,0,4,0,N,0,3000000-211-2013-00002,내국인,,서울특별시 종로구 성균관로 5 2층 (명륜2가),서울특별시 종로구 명륜2가  227번지 3호  2층
3000000,211,2013,4,미용업(일반),20130617,로얄미용실,26,,20130617,,20130617,종로5.6가동,,,일반미용업,,0,0,0,3,0,N,0,3000000-211-2013-00004,내국인,,서울특별시 종로구 종로38길 15 1층 (종로5가),서울특별시 종로구 종로5가  493번지 2호  
3000000,211,2013,5,미용업(일반),20130304,크로스 헤어라운지,25.27,02 7341079,20130304,,20130304,종로1.2.3.4가동,20190510,서울특별시 송파구로 전출처리됨,일반미용업,,0,0,0,3,0,N,0,3000000-211-2013-00005,내국인,,서울특별시 종로구 인사동5길 25 지하1층 52호 (인사동 하나로빌딩),서울특별시 종로구 인사동  194번지 4호  하나로빌딩 지하1층 52호
3000000,211,2013,6,미용업(일반),20130711,엘사 네일,45.72,02  720 0418,20150917,,20150430,사직동,,,네일아트업,,0,0,0,5,0,N,0,3000000-211-2013-00006,내국인,,서울특별시 종로구 자하문로 7 지하1층 (체부동),서울특별시 종로구 체부동  51번지  
3000000,211,2013,7,미용업(일반),20130905,메이크업스타 대학로점,13.47,02 7470067,20150408,,20130905,혜화동,20160229,개인사정,일반미용업,,0,0,0,2,0,N,0,3000000-211-2013-00007,내국인,,서울특별시 종로구 대학로 129 4층 (명륜4가),서울특별시 종로구 명륜4가  29번지 1호  (4층)
3000000,211,2013,8,미용업(일반),20130912,모아 미용실,19.8,,20130912,,20130912,평창동,20160630,영업장 이전,일반미용업,,0,0,0,3,0,N,0,3000000-211-2013-00008,내국인,,서울특별시 종로구 세검정로9길 85 (구기동),서울특별시 종로구 구기동  60번지  
3000000,211,2013,9,미용업(일반),20131016,송지헤어샵,13.2,02  22349124,20131016,,20131016,창신제2동,,,일반미용업,,0,0,0,2,0,N,0,3000000-211-2013-00009,내국인,,서울특별시 종로구 종로46길 28 1층 (창신동),서울특별시 종로구 창신동  439번지 1호  
3000000,211,2013,10,미용업(일반),20131023,윤헤어,36.89,,20131023,,20131023,숭인제2동,20141201,자진폐업,일반미용업,,0,0,0,3,0,N,0,3000000-211-2013-00010,내국인,,서울특별시 종로구 숭인동길 21 가동 104호 (숭인동 종로청계힐스테이트 상가),서울특별시 종로구 숭인동  766번지  
3000000,211,2013,11,미용업(일반),20131025,banada hair,127.26,,20131025,,20131025,사직동,20150521,개인사정,일반미용업,,0,0,0,8,0,N,0,3000000-211-2013-00011,내국인,,서울특별시 종로구 사직로8길 4 301동 B103호 (사직동 광화문풍림스페이스본),서울특별시 종로구 사직동  9번지  
3000000,211,2013,12,미용업(일반),20131025,러블리네일,23.1,070 41501770,20160113,,20131025,종로1.2.3.4가동,20190726,영업부진,네일아트업,,0,,,5,,N,,3000000-211-2013-00012,내국인,,서울특별시 종로구 종로 19 3층 326-1호 (종로1가 르메이에르종로타운),서울특별시 종로구 종로1가  24번지  
3000000,211,2013,13,미용업(일반),20131111,U.ra 헤어샵,58.5,02  733 3082,20131111,,20131111,무악동,20161031,개인사유(결혼),일반미용업,,0,0,0,3,0,N,0,3000000-211-2013-00013,내국인,,서울특별시 종로구 통일로 246-10 상가동 202호 (무악동),서울특별시 종로구 무악동  82번지  -202
3000000,211,2013,15,미용업(일반),20131211,더블유 메이크업,33,02  730 4770,20141204,,20161230,종로1.2.3.4가동,,,메이크업업,20141126,0,0,0,3,0,N,0,3000000-211-2013-00015,내국인,,서울특별시 종로구 종로 70 5층 501호 (관철동),서울특별시 종로구 관철동  16번지 5호  
3000000,211,2013,16,미용업(일반),20131231,철수빠마,34.97,02  60958255,20131231,,20131231,숭인제1동,20150619,자진폐업,일반미용업,20131024,0,0,0,4,0,N,0,3000000-211-2013-00016,내국인,,서울특별시 종로구 지봉로 78 (숭인동),서울특별시 종로구 숭인동  56번지 40호  
3000000,211,2013,17,미용업(일반),20130405,헤어스케치,21.06,02   7207797,20200224,,20200224,사직동,,,일반미용업,,0,0,0,4,0,N,0,3000000-211-2013-00017,내국인,,서울특별시 종로구 사직로8길 34 경희궁의아침 3단지 B층 103호 (내수동),서울특별시 종로구 내수동  72번지  경희궁의아침 3단지
3000000,211,2014,1,미용업(일반),20140116,블루클럽(낙원점),39.6,02  36756011,20150304,,20140116,,,,일반미용업,,0,0,0,3,0,N,0,3000000-211-2014-00001,내국인,,서울특별시 종로구 돈화문로11길 15 (돈의동),
3000000,211,2014,2,미용업(일반),20140116,진헤어,28.73,070 88881917,20140116,,20140116,,,,일반미용업,,0,0,0,3,0,N,0,3000000-211-2014-00002,내국인,,서울특별시 종로구 난계로29가길 19 101호 (숭인동 종로아인스빌),
3000000,211,2014,2,미용업(일반),20140116,진헤어,28.73,070 88881917,20200313,,20140116,,,,일반미용업,,0,0,0,3,0,N,0,3000000-211-2014-00002,내국인,,서울특별시 종로구 난계로29가길 19 101호 (숭인동 종로아인스빌),
3000000,211,2014,3,미용업(일반),20140218,휴헤어,84.75,02  742 9065,20140218,,20140218,혜화동,,,일반미용업,,0,0,0,5,0,N,0,3000000-211-2014-00003,내국인,,서울특별시 종로구 창경궁로 261 2층 (명륜2가),서울특별시 종로구 명륜2가  14번지 1호  
3000000,211,2014,4,미용업(일반),20140218,ATO,90.97,,20140218,,20140218,부암동,20190801,건강상의 이유,일반미용업,,0,0,0,2,0,N,0,3000000-211-2014-00004,내국인,,서울특별시 종로구 창의문로 168 2층 (부암동),서울특별시 종로구 부암동  219번지 2호  
3000000,211,2014,5,미용업(일반),20140221,이만헤어,163.04,02  739 7001,20150420,,20140221,종로1.2.3.4가동,20160226,인천광역시 계양구로 전출처리됨,일반미용업,,0,0,0,14,0,N,0,3000000-211-2014-00005,내국인,,서울특별시 종로구 삼일대로 405 4층 (인사동 태영빌딩),서울특별시 종로구 인사동  75번지 1호  
3000000,211,2014,7,미용업(일반),20140314,헤어스토리,67.33,,20140314,,20140314,숭인제2동,,,일반미용업,,0,0,0,5,0,N,0,3000000-211-2014-00007,내국인,,서울특별시 종로구 숭인동길 22 1층 (숭인동),서울특별시 종로구 숭인동  1070번지  
3000000,211,2014,8,미용업(일반),20140313,샘,19.8,02  734 3001,20140313,,20140313,종로1.2.3.4가동,20171123,개인사정으로 운영 불가,메이크업업,,0,,,2,,N,,3000000-211-2014-00008,내국인,,서울특별시 종로구 종로 77 3층 303호 (종로2가),서울특별시 종로구 종로2가  12번지  -303
3000000,211,2014,9,미용업(일반),20140402,김활란뮤제네프 JW메리어트점,37.82,02  22763265,20140402,,20140402,,20150430,외국에 나가게되었음,일반미용업,,0,0,0,3,0,N,0,3000000-211-2014-00009,내국인,,서울특별시 종로구 청계천로 279 9층 (종로6가 JW메리어트),
3000000,211,2014,10,미용업(일반),20140430,곰지의설레임,23.1,02  765 7659,20140430,,20140430,숭인제1동,20181019,출산 및 영업부진,네일아트업,,0,0,0,2,0,N,0,3000000-211-2014-00010,내국인,,서울특별시 종로구 지봉로 28 203호 (숭인동 숭인빌딩),서울특별시 종로구 숭인동  313번지 7호  
3000000,211,2014,11,미용업(일반),20140516,로젠헤어,,02  725 3344,20140516,,20140516,사직동,20150129,전라북도 김제시로 전출처리됨,일반미용업,,0,,,,,N,,3000000-211-2014-00011,내국인,,서울특별시 종로구 자하문로1가길 15-4 지1층 (체부동),서울특별시 종로구 체부동  78번지  지하1층
3000000,211,2014,12,미용업(일반),20140610,엠헤어네일,49.5,070 41445551,20140610,,20140610,창신제3동,,,일반미용업,,0,0,0,4,0,N,0,3000000-211-2014-00012,내국인,,서울특별시 종로구 낙산성곽길 2 (창신동),서울특별시 종로구 창신동  697번지 3호  
3000000,211,2014,13,미용업(일반),20140617,청탑미용실,23,02  744 6112,20140617,,20140617,종로1.2.3.4가동,,,일반미용업,20140509,0,0,0,3,0,N,0,3000000-211-2014-00013,내국인,,서울특별시 종로구 창경궁로 79 (예지동),서울특별시 종로구 예지동  167번지 1호  
3000000,211,2014,14,미용업(일반),20140618,루다 네일,10,02  64271515,20140618,,20140618,혜화동,20150901,서울특별시 서대문구로 전출처리됨,네일아트업,,0,0,0,3,0,N,0,3000000-211-2014-00014,내국인,,서울특별시 종로구 성균관로3길 11 2층 (명륜3가),서울특별시 종로구 명륜3가  134번지 2호  
3000000,211,2014,15,미용업(일반),20140805,바니스헤어,61.08,02  762 3049,20140805,,20140805,혜화동,,,일반미용업,,0,0,0,6,0,N,0,3000000-211-2014-00015,내국인,,서울특별시 종로구 성균관로5길 17 2층 (명륜3가),서울특별시 종로구 명륜3가  77번지 1호  
3000000,211,2014,15,미용업(일반),20140805,K 20000 헤어,61.08,02  762 3049,20140805,,20140805,혜화동,,,일반미용업,,0,0,0,6,0,N,0,3000000-211-2014-00015,내국인,,서울특별시 종로구 성균관로5길 17 2층 (명륜3가),서울특별시 종로구 명륜3가  77번지 1호  
3000000,211,2014,15,미용업(일반),20140805,바니스헤어,61.08,02  762 3049,20190530,,20140805,혜화동,,,일반미용업,20190528,0,0,0,6,0,N,0,3000000-211-2014-00015,내국인,,서울특별시 종로구 성균관로5길 17 2층 (명륜3가),서울특별시 종로구 명륜3가  77번지 1호  
3000000,211,2014,15,미용업(일반),20140805,K 20000 헤어,61.08,02  762 3049,20190530,,20140805,혜화동,,,일반미용업,20190528,0,0,0,6,0,N,0,3000000-211-2014-00015,내국인,,서울특별시 종로구 성균관로5길 17 2층 (명륜3가),서울특별시 종로구 명륜3가  77번지 1호  
3000000,211,2014,16,미용업(일반),20140818,정부서울청사미용실,76.9,,20140818,,20140818,사직동,,,일반미용업,,0,0,0,3,0,N,0,3000000-211-2014-00016,내국인,,서울특별시 종로구 세종대로 209 지1층 (세종로 서울정부종합청사),서울특별시 종로구 세종로  77번지 6호  
3000000,211,2014,17,미용업(일반),20140827,태우사랑,,,20140827,,20140827,무악동,20141218,영업 부진,일반미용업,,0,,,,,N,,3000000-211-2014-00017,내국인,,서울특별시 종로구 통일로 236-1 1층 (무악동),서울특별시 종로구 무악동  46번지 1419호  1층
3000000,211,2014,18,미용업(일반),20140918,오성주 헤어,26.4,02  926 9474,20140918,,20140918,숭인제1동,20171208,사업부진,일반미용업,,0,,,3,,N,,3000000-211-2014-00018,내국인,,서울특별시 종로구 숭인동길 59 1층 (숭인동),서울특별시 종로구 숭인동  694번지  1층
3000000,211,2014,19,미용업(일반),20141006,평화미용실,37.8,,20141006,,20141006,혜화동,,,일반미용업,,0,0,0,3,0,N,0,3000000-211-2014-00019,내국인,,서울특별시 종로구 성균관로 86 1층 (명륜1가),서울특별시 종로구 명륜1가  31번지 29호  
3000000,211,2014,20,미용업(일반),20141117,쉬크 헤어,39.97,,20141117,,20141117,사직동,20170512,행정처분,일반미용업,,0,0,0,3,0,N,0,3000000-211-2014-00020,내국인,,서울특별시 종로구 사직로 130 지하1층 21호 (적선동),서울특별시 종로구 적선동  80번지  지하1층 21호
3000000,211,2014,21,미용업(일반),20141126,글로리아 헤어 스튜디오,114.15,,20141126,,20141126,평창동,20150907,건강상,일반미용업,,0,0,0,6,0,N,0,3000000-211-2014-00021,내국인,,서울특별시 종로구 평창문화로 75 A동 2층 209호 (평창동 글로리아타운),서울특별시 종로구 평창동  158번지 1호 A 글로리아타운-209
3000000,211,2014,22,미용업(일반),20141202,트리플엑스헤어(TRIPLE X 헤어),74.43,02  36728283,20170911,,20141202,혜화동,,,일반미용업,,0,0,0,5,0,N,0,3000000-211-2014-00022,내국인,,서울특별시 종로구 대명길 29 2층 (명륜4가),서울특별시 종로구 명륜4가  54번지 1호  2층
3000000,211,2014,23,미용업(일반),20141226,아우라J미용실,65.73,,20141226,,20141226,창신제2동,20151030,폐업,일반미용업,,0,0,0,6,0,N,0,3000000-211-2014-00023,내국인,,서울특별시 종로구 창신길 80 1층 (창신동),서울특별시 종로구 창신동  583번지 98호  
3000000,211,2015,1,미용업(일반),20150205,원헤어,38.02,02  741 6269,20150205,,20190404,종로1.2.3.4가동,,,일반미용업,20150429,0,0,0,3,0,N,0,3000000-211-2015-00001,내국인,,서울특별시 종로구 종로 183 효성주얼리시티 지하2층 에스지2031호 (인의동),서울특별시 종로구 인의동  48번지 2호  효성주얼리시티 지하2층-2031
3000000,211,2015,1,미용업(일반),20150205,원헤어,46.14,02  741 6269,20150205,,20190404,종로1.2.3.4가동,,,일반미용업,20150429,0,0,0,3,0,N,0,3000000-211-2015-00001,내국인,,서울특별시 종로구 종로 183 효성주얼리시티 지하2층 에스지2031호 (인의동),서울특별시 종로구 인의동  48번지 2호  효성주얼리시티 지하2층-2031
3000000,211,2015,1,미용업(일반),20150205,원헤어,30.76,02  741 6269,20150205,,20190404,종로1.2.3.4가동,,,일반미용업,20150429,0,0,0,3,0,N,0,3000000-211-2015-00001,내국인,,서울특별시 종로구 종로 183 효성주얼리시티 지하2층 에스지2031호 (인의동),서울특별시 종로구 인의동  48번지 2호  효성주얼리시티 지하2층-2031
3000000,211,2015,1,미용업(일반),20150205,원헤어,38.02,02  741 6269,20150205,,20150205,종로1.2.3.4가동,,,일반미용업,20150429,0,0,0,3,0,N,0,3000000-211-2015-00001,내국인,,서울특별시 종로구 종로 183 지하2층 2029호 (인의동 효성쥬얼리시티),서울특별시 종로구 인의동  48번지 2호  효성쥬얼리시티상가 지하2층에스지-2029
3000000,211,2015,1,미용업(일반),20150205,원헤어,46.14,02  741 6269,20150205,,20150205,종로1.2.3.4가동,,,일반미용업,20150429,0,0,0,3,0,N,0,3000000-211-2015-00001,내국인,,서울특별시 종로구 종로 183 지하2층 2029호 (인의동 효성쥬얼리시티),서울특별시 종로구 인의동  48번지 2호  효성쥬얼리시티상가 지하2층에스지-2029
3000000,211,2015,1,미용업(일반),20150205,원헤어,30.76,02  741 6269,20150205,,20150205,종로1.2.3.4가동,,,일반미용업,20150429,0,0,0,3,0,N,0,3000000-211-2015-00001,내국인,,서울특별시 종로구 종로 183 지하2층 2029호 (인의동 효성쥬얼리시티),서울특별시 종로구 인의동  48번지 2호  효성쥬얼리시티상가 지하2층에스지-2029
3000000,211,2015,2,미용업(일반),20150223,훈헤어아트,12.15,02  765 7386,20150223,,20150223,창신제3동,,,일반미용업,,0,0,0,3,0,N,0,3000000-211-2015-00002,내국인,,서울특별시 종로구 동망산길 19 상가동 2층 221호 (창신동 쌍용아파트 1단지),서울특별시 종로구 창신동  702번지 상가 쌍용아파트1단지-221
3000000,211,2015,3,미용업(일반),20150304,헤어공감,21,,20150304,,20150304,창신제1동,,,일반미용업,,0,0,0,2,0,N,0,3000000-211-2015-00003,내국인,,서울특별시 종로구 지봉로 97-2 (창신동),서울특별시 종로구 창신동  17번지 8호  
3000000,211,2015,4,미용업(일반),20150408,더헤어바이윤(The hair by Youn),56.03,,20150408,,20150408,혜화동,,,일반미용업,20150812,0,0,0,2,0,N,0,3000000-211-2015-00004,내국인,,서울특별시 종로구 성균관로4길 28 1층 101호 (명륜2가 파인하우스),서울특별시 종로구 명륜2가  43번지 3호  
3000000,211,2015,5,미용업(일반),20150409,투유(2U)헤어,33,,20150409,,20150409,창신제1동,20160627,집안사정,일반미용업,,0,0,0,3,0,N,0,3000000-211-2015-00005,내국인,,서울특별시 종로구 지봉로5길 6 1층 (창신동),서울특별시 종로구 창신동  81번지 9호  
3000000,211,2015,6,미용업(일반),20150410,온헤어 바이 김민(by kim min),74.7,02  730 8825,20150410,,20150410,종로1.2.3.4가동,,,일반미용업,20150424,0,0,0,6,0,N,0,3000000-211-2015-00006,내국인,,서울특별시 종로구 종로 80-1 2층 (종로2가),서울특별시 종로구 종로2가  75번지 7호  
3000000,211,2015,7,미용업(일반),20150427,디앤이헤어,63.2,,20150427,,20150427,무악동,,,일반미용업,,0,0,0,4,0,N,0,3000000-211-2015-00007,내국인,,서울특별시 종로구 통일로 248 2층 (무악동),서울특별시 종로구 무악동  45번지 60호  
3000000,211,2015,8,미용업(일반),20150428,라피오리레 헤어,192.76,02  36722363,20150915,,20150608,숭인제1동,,,일반미용업,,0,0,0,10,0,N,0,3000000-211-2015-00008,내국인,,서울특별시 종로구 종로 347 206호 (숭인동 롯데캐슬천지인상가),서울특별시 종로구 숭인동  76번지  
3000000,211,2015,8,미용업(일반),20150428,산리쯔 헤어,192.76,02  36722363,20150915,,20150608,숭인제1동,,,일반미용업,,0,0,0,10,0,N,0,3000000-211-2015-00008,내국인,,서울특별시 종로구 종로 347 206호 (숭인동 롯데캐슬천지인상가),서울특별시 종로구 숭인동  76번지  
3000000,211,2015,8,미용업(일반),20150428,라피오리레 헤어,192.76,02  36722363,20181004,,20150608,숭인제1동,,,일반미용업,,0,0,0,10,0,N,0,3000000-211-2015-00008,내국인,,서울특별시 종로구 종로 347 206호 (숭인동 롯데캐슬천지인상가),서울특별시 종로구 숭인동  76번지  
3000000,211,2015,8,미용업(일반),20150428,산리쯔 헤어,192.76,02  36722363,20181004,,20150608,숭인제1동,,,일반미용업,,0,0,0,10,0,N,0,3000000-211-2015-00008,내국인,,서울특별시 종로구 종로 347 206호 (숭인동 롯데캐슬천지인상가),서울특별시 종로구 숭인동  76번지  
3000000,211,2015,8,미용업(일반),20150428,라피오리레 헤어,192.76,02  36722363,20190318,,20150608,숭인제1동,,,일반미용업,,0,0,0,10,0,N,0,3000000-211-2015-00008,내국인,,서울특별시 종로구 종로 347 206호 (숭인동 롯데캐슬천지인상가),서울특별시 종로구 숭인동  76번지  
3000000,211,2015,8,미용업(일반),20150428,산리쯔 헤어,192.76,02  36722363,20190318,,20150608,숭인제1동,,,일반미용업,,0,0,0,10,0,N,0,3000000-211-2015-00008,내국인,,서울특별시 종로구 종로 347 206호 (숭인동 롯데캐슬천지인상가),서울특별시 종로구 숭인동  76번지  
3000000,211,2015,9,미용업(일반),20150430,뮤제네프,37.82,,20150430,,20150430,종로5.6가동,20171106,폐업,메이크업업,,0,0,0,3,0,N,0,3000000-211-2015-00009,내국인,,서울특별시 종로구 청계천로 279 9층 (종로6가),서울특별시 종로구 종로6가  285번지 1호  
3000000,211,2015,10,미용업(일반),20150504,아이브로우바,77.12,,20150504,,20150504,혜화동,,,메이크업업,,0,0,0,7,0,N,0,3000000-211-2015-00010,내국인,,서울특별시 종로구 대학로 145 (혜화동),서울특별시 종로구 혜화동  166번지 3호  
3000000,211,2015,11,미용업(일반),20150521,권홍헤어,127.26,02  725 9000,20150521,,20150521,사직동,20160322,개인사유,일반미용업,,0,0,0,10,0,N,0,3000000-211-2015-00011,내국인,,서울특별시 종로구 사직로8길 4 301동 B103호 (사직동 광화문풍림스페이스본),서울특별시 종로구 사직동  9번지  
3000000,211,2015,12,미용업(일반),20150527,미 헤어아트,26.4,,20151224,,20150527,창신제1동,,,일반미용업,,0,0,0,2,0,N,0,3000000-211-2015-00012,내국인,,서울특별시 종로구 종로51가길 4 (창신동),서울특별시 종로구 창신동  143번지 12호  
3000000,211,2015,13,미용업(일반),20150609,앤헤어(N헤어),15,02  744 3905,20150609,,20150609,창신제1동,,,일반미용업,,0,0,0,3,0,N,0,3000000-211-2015-00013,내국인,,서울특별시 종로구 창신길 16 1층 (창신동),서울특별시 종로구 창신동  572번지 1호  
3000000,211,2015,14,미용업(일반),20150630,샤인헤어,26.4,02  745 8523,20150630,,20150630,종로5.6가동,,,일반미용업,20160630,0,0,0,2,0,N,0,3000000-211-2015-00014,내국인,,서울특별시 종로구 율곡로 243-1 (충신동),서울특별시 종로구 충신동  39번지 1호  
3000000,211,2015,15,미용업(일반),20150630,봄헤어,70,02  64895677,20161124,,20150630,숭인제1동,20191126,경기 부진,일반미용업,,0,0,0,3,0,N,0,3000000-211-2015-00015,내국인,,서울특별시 종로구 난계로29길 14 2층 (숭인동 미광빌딩),서울특별시 종로구 숭인동  1375번지  
3000000,211,2015,16,미용업(일반),20150630,모아미용실,16.5,,20150630,,20150630,평창동,20180713,건물주 신축,일반미용업,,0,0,0,2,0,N,0,3000000-211-2015-00016,내국인,,서울특별시 종로구 진흥로 466 1층 (구기동),서울특별시 종로구 구기동  62번지 2호  
3000000,211,2015,17,미용업(일반),20150722,동묘 남자 컷트전문,40.67,070 81131403,20150722,,20150722,숭인제2동,,,일반미용업,,0,0,0,3,0,N,0,3000000-211-2015-00017,내국인,,서울특별시 종로구 종로 350 지하층 (숭인동),서울특별시 종로구 숭인동  298번지 1호  
3000000,211,2015,18,미용업(일반),20150828,코지(Cozy),23.1,,20150828,,20150828,가회동,20160609,개인사정,일반미용업,,0,0,0,2,0,N,0,3000000-211-2015-00018,내국인,,서울특별시 종로구 계동길 62 1층 (계동),서울특별시 종로구 계동  127번지 2호  
3000000,211,2015,19,미용업(일반),20150831,지노헤어,102.88,02  744 3493,20150831,,20150831,혜화동,20170704,영업종료,일반미용업,,0,0,0,8,0,N,0,3000000-211-2015-00019,내국인,,서울특별시 종로구 성균관로 21-2 2층 (명륜2가),서울특별시 종로구 명륜2가  135번지  
3000000,211,2015,21,미용업(일반),20150921,2030헤어,23,,20150921,,20150921,창신제1동,,,일반미용업,,0,0,0,3,0,N,0,3000000-211-2015-00021,내국인,,서울특별시 종로구 창신길 56 1층 (창신동),서울특별시 종로구 창신동  584번지  
3000000,211,2015,22,미용업(일반),20151007,알지요,16,02747 7361,20151007,,20151007,숭인제1동,,,일반미용업,,0,0,0,2,0,N,0,3000000-211-2015-00022,내국인,,서울특별시 종로구 지봉로16길 21 2층 (숭인동),서울특별시 종로구 숭인동  12번지 9호  
3000000,211,2015,23,미용업(일반),20151026,이훈ALL30000헤어,158.68,02  744 8883,20151026,,20151026,혜화동,,,일반미용업,,0,0,0,16,0,N,0,3000000-211-2015-00023,내국인,,서울특별시 종로구 창경궁로 224 1층 (명륜4가),서울특별시 종로구 명륜4가  188번지 12호  
3000000,211,2015,23,미용업(일반),20151026,이훈ALL30000헤어,158.68,02  744 8883,20191220,,20151026,혜화동,,,일반미용업,,0,0,0,16,0,N,0,3000000-211-2015-00023,내국인,,서울특별시 종로구 창경궁로 224 1층 (명륜4가),서울특별시 종로구 명륜4가  188번지 12호  
3000000,211,2015,24,미용업(일반),20151105,아우라J,65.73,02  742 4533,20170925,,20151105,창신제2동,,,일반미용업,,0,0,0,5,0,N,0,3000000-211-2015-00024,내국인,,서울특별시 종로구 창신길 80 (창신동),서울특별시 종로구 창신동  583번지 98호  
3000000,211,2016,1,미용업(일반),20160106,다인 미용실,15,,20160106,,20171031,종로5.6가동,,,일반미용업,,0,0,0,3,0,N,0,3000000-211-2016-00001,내국인,,서울특별시 종로구 종로36나길 3 1층 (종로5가),서울특별시 종로구 종로5가  225번지 15호  
3000000,211,2016,2,미용업(일반),20160211,그림헤어,20.91,02  745 3148,20160211,,20160211,창신제3동,,,일반미용업,,0,0,0,3,0,N,0,3000000-211-2016-00002,내국인,,서울특별시 종로구 지봉로 101 1층 (창신동),서울특별시 종로구 창신동  20번지 9호  
3000000,211,2016,3,미용업(일반),20160216,라라에르모슈라,29.8,,20160216,,20160216,종로1.2.3.4가동,,,일반미용업,,0,0,0,3,0,N,0,3000000-211-2016-00003,내국인,,서울특별시 종로구 종로 19 3층 309-2호 (종로1가),서울특별시 종로구 종로1가  24번지  -309-2
3000000,211,2016,4,미용업(일반),20160229,헤어드청춘(hair de 청춘),75.88,02  766 5685,20160229,,20160229,혜화동,20180313,이전 계획,일반미용업,,0,0,0,4,0,N,0,3000000-211-2016-00004,내국인,,서울특별시 종로구 대학로 141 3층 (혜화동),서울특별시 종로구 혜화동  166번지 4호  
3000000,211,2016,5,미용업(일반),20160421,박준뷰티랩종각역점,183.48,02  723 1004,20160421,,20160421,종로1.2.3.4가동,,,일반미용업,,0,0,0,9,0,N,0,3000000-211-2016-00005,내국인,,서울특별시 종로구 삼일대로 393-1 (관철동),서울특별시 종로구 관철동  6번지 2호  2층 3층
3000000,211,2016,6,미용업(일반),20160525,헤어클럽,20.05,070 89567948,20160525,,20160525,숭인제1동,,,일반미용업,,0,0,0,3,0,N,0,3000000-211-2016-00006,내국인,,서울특별시 종로구 숭인동길 38 1층 (숭인동),서울특별시 종로구 숭인동  1085번지  
3000000,211,2016,7,미용업(일반),20160701,산리쯔헤어,9.36,02  36762363,20160701,,20160701,창신제1동,20191014,기타(국세청 통합 폐업 신고),일반미용업,,0,0,0,4,0,N,0,3000000-211-2016-00007,내국인,,서울특별시 종로구 지봉로5길 6 1층 (창신동),서울특별시 종로구 창신동  81번지 9호  
3000000,211,2016,8,미용업(일반),20160706,베아르시,158.89,02  720 7741,20160706,,20160706,사직동,20190916,개인사정,일반미용업,,0,0,0,8,0,N,0,3000000-211-2016-00008,내국인,,서울특별시 종로구 경희궁길 7 2층 (신문로2가),서울특별시 종로구 신문로2가  1번지 143호  
3000000,211,2016,9,미용업(일반),20160726,블링,49.38,02  745 5544,20160726,,20160726,가회동,20180829,실적저조,일반미용업,20160713,0,0,0,2,0,N,0,3000000-211-2016-00009,내국인,,서울특별시 종로구 창덕궁1길 42 3층 (계동),서울특별시 종로구 계동  140번지 42호  
3000000,211,2016,10,미용업(일반),20160808,아리아뷰티살롱,55.6,,20160808,,20160808,사직동,20190221,사업부진,일반미용업,,0,0,0,4,0,N,0,3000000-211-2016-00010,내국인,,서울특별시 종로구 필운대로1길 7-5 지하1층 (필운동),서울특별시 종로구 필운동  110번지  지하1층
3000000,211,2016,11,미용업(일반),20160830,권홍헤어,105.66,02  988 0790,20160830,,20160830,,,,일반미용업,,0,0,0,10,0,N,0,3000000-211-2016-00011,내국인,,서울특별시 종로구 경희궁길 57 301동 B1층 103호 (사직동 광화문풍림스페이스본),
3000000,211,2016,12,미용업(일반),20160927,리치트리헤어샵,31.87,,20160927,,20160927,,20181016,충청북도 충주시로 전출처리됨,일반미용업,,0,0,0,3,0,N,0,3000000-211-2016-00012,내국인,,서울특별시 종로구 난계로29길 31 1층 102호 (숭인동),
3000000,211,2016,13,미용업(일반),20160928,M by marie,38.97,,20160928,,20160928,종로5.6가동,,,일반미용업,,0,0,0,8,0,N,0,3000000-211-2016-00013,내국인,,서울특별시 종로구 청계천로 279 8층 (종로6가 메리어트호텔 ),서울특별시 종로구 종로6가  289번지 3호  -8층
3000000,211,2016,14,미용업(일반),20161031,린 헤어,58.5,,20170718,,20161031,,,,일반미용업,,0,0,0,3,0,N,0,3000000-211-2016-00014,내국인,,서울특별시 종로구 통일로 246-10 202호 (무악동 상가동),
3000000,211,2017,2,미용업(일반),20170209,태후사랑 평창동점,81.59,02  63686358,20170209,,20170209,평창동,,,일반미용업,,0,0,0,3,0,N,0,3000000-211-2017-00002,내국인,,서울특별시 종로구 평창문화로 35 2층 (평창동),서울특별시 종로구 평창동  300번지 1호  
3000000,211,2017,3,미용업(일반),20170214,헤어끼,32.64,02  935 0567,20170214,,20170214,숭인제2동,20170706,매출부진,일반미용업,,0,0,0,3,0,N,0,3000000-211-2017-00003,내국인,,서울특별시 종로구 보문로 3 2층 (숭인동),서울특별시 종로구 숭인동  1248번지  
3000000,211,2017,4,미용업(일반),20170228,이철헤어커커,105.62,02  735 2326,20170228,,20170228,종로1.2.3.4가동,20190306,사업부진,일반미용업,,0,0,0,7,0,N,0,3000000-211-2017-00004,내국인,,서울특별시 종로구 종로 86 2층 (종로2가),서울특별시 종로구 종로2가  71번지 6호  
3000000,211,2017,5,미용업(일반),20170314,제이 작업실,11.9,,20170314,,20170314,종로1.2.3.4가동,,,일반미용업,,0,0,0,1,0,N,0,3000000-211-2017-00005,내국인,,서울특별시 종로구 돈화문로11나길 28-1 1층 (익선동),서울특별시 종로구 익선동  120번지  
3000000,211,2017,6,미용업(일반),20170324,웰킨종로점,182.74,02  723 7710,20170324,,20170324,종로1.2.3.4가동,,,기타,20160812,0,0,0,9,0,N,0,3000000-211-2017-00006,내국인,,서울특별시 종로구 종로12길 23 9층 (관철동),서울특별시 종로구 관철동  12번지 13호  
3000000,211,2017,7,미용업(일반),20170427,리안헤어 경희궁자이점,73.5,02  733 7536,20170427,,20170427,교남동,,,일반미용업,,0,0,0,6,0,N,0,3000000-211-2017-00007,내국인,,서울특별시 종로구 송월길 99 2231호 (홍파동 팰리스에비뉴),서울특별시 종로구 홍파동  42번지 13호  
3000000,211,2017,8,미용업(일반),20170428,헤어카페,40,,20170428,,20170428,종로5.6가동,,,일반미용업,20160713,0,0,0,3,0,N,0,3000000-211-2017-00008,내국인,,서울특별시 종로구 종로 244-1 2층 (종로5가),서울특별시 종로구 종로5가  231번지 1호  
3000000,211,2017,9,미용업(일반),20170601,지가헤어(JIGA HAIR),36.6,02  738 2958,20170601,,20170601,종로1.2.3.4가동,,,일반미용업,,0,0,0,4,0,N,0,3000000-211-2017-00009,내국인,,서울특별시 종로구 종로 19 2층 211-2호 (종로1가),서울특별시 종로구 종로1가  24번지  
3000000,211,2017,10,미용업(일반),20170605,유선생커트,16.46,,20170605,,20170605,이화동,20181204,영업부진,일반미용업,,0,0,0,1,0,N,0,3000000-211-2017-00010,내국인,,서울특별시 종로구 충신4나길 21 1층 101호 (이화동),서울특별시 종로구 이화동  9번지 333호  
3000000,211,2017,11,미용업(일반),20170628,노마진헤어 동묘역점,132.92,02  22342358,20170628,,20170628,숭인제1동,,,일반미용업,20170615,0,0,0,5,0,N,0,3000000-211-2017-00011,내국인,,서울특별시 종로구 종로 344 2층 (숭인동),서울특별시 종로구 숭인동  310번지  
3000000,211,2017,12,미용업(일반),20170704,지노헤어,102.88,02  744 3493,20170704,,20170704,혜화동,,,일반미용업,,0,0,0,8,0,N,0,3000000-211-2017-00012,내국인,,서울특별시 종로구 성균관로 21-2 2층 (명륜2가),서울특별시 종로구 명륜2가  135번지  
3000000,211,2017,13,미용업(일반),20170711,마르떼헤어,35.3,,20170711,,20170711,교남동,20181228,개인사정,일반미용업,,0,0,0,4,0,N,0,3000000-211-2017-00013,내국인,,서울특별시 종로구 경교장길 35 상가동 3115호 (평동 경희궁자이3단지 팰리스에비뉴),서울특별시 종로구 평동  43번지  
3000000,211,2017,14,미용업(일반),20170717,원스헤어(One's hair),49.27,,20170717,,20170717,교남동,,,일반미용업,,0,0,0,4,0,N,0,3000000-211-2017-00014,내국인,,서울특별시 종로구 송월길 99 상가동 2119호 (홍파동 경희궁자이 2블럭),서울특별시 종로구 홍파동  42번지 13호  
3000000,211,2017,15,미용업(일반),20170724,헤어바이 반룬하우트,35.3,,20170724,,20170724,교남동,,,일반미용업,,0,0,0,4,0,N,0,3000000-211-2017-00015,내국인,,서울특별시 종로구 경교장길 35 상가동 3107호 (평동 경희궁자이3단지 팰리스에비뉴),서울특별시 종로구 평동  43번지  
3000000,211,2017,16,미용업(일반),20170831,이가자 헤어비스 종로점,204,02  722 8322,20170831,,20170831,종로1.2.3.4가동,,,일반미용업,,0,0,0,12,0,N,0,3000000-211-2017-00016,내국인,,서울특별시 종로구 삼일대로 393 2층 (관철동),서울특별시 종로구 관철동  6번지 3호  
3000000,211,2017,18,미용업(일반),20170918,에피소드 헤어스토리,190.96,02  36727200,20170918,,20170918,혜화동,,,일반미용업,,0,0,0,10,0,N,0,3000000-211-2017-00018,내국인,,서울특별시 종로구 대명길 40 3층 (명륜2가),서울특별시 종로구 명륜2가  184번지  
3000000,211,2018,1,미용업(일반),20180102,수헤어갤러리,30,02  379 3631,20180102,,20180102,평창동,,,일반미용업,20170524,0,0,0,3,0,N,0,3000000-211-2018-00001,내국인,,서울특별시 종로구 진흥로 436 구기빌딩 1층 102호 (구기동),서울특별시 종로구 구기동  110번지 12호  구기빌딩 1층-102
3000000,211,2018,2,미용업(일반),20180126,이로헤어,44.25,,20180126,,20180126,교남동,20200211,기타,일반미용업,,0,0,0,2,0,N,0,3000000-211-2018-00002,내국인,,서울특별시 종로구 통일로12길 6-13 3층 (교북동),서울특별시 종로구 교북동  1번지 44호  
3000000,211,2018,3,미용업(일반),20180130,헤아,26.44,02 6388 5000,20180130,,20180130,사직동,20191018,계약 종료로 인한 폐업,일반미용업,,0,0,0,1,0,N,0,3000000-211-2018-00003,내국인,,서울특별시 종로구 새문안로 97 포시즌호텔 9층 (당주동),서울특별시 종로구 당주동  29번지  
3000000,211,2018,4,미용업(일반),20180131,포맨굿,36.24,070 81701988,20180131,,20180131,숭인제2동,20200221,사업부진,일반미용업,,0,0,0,3,0,N,0,3000000-211-2018-00004,내국인,,서울특별시 종로구 숭인동1길 4 1층 102호 (숭인동),서울특별시 종로구 숭인동  747번지 2호  
3000000,211,2018,5,미용업(일반),20180402,데일리 아이래쉬,22.25,,20180402,,20180305,사직동,20200114,개인사정,기타,,0,0,0,6,0,N,0,3000000-211-2018-00005,내국인,,서울특별시 종로구 자하문로 5 404호 (체부동),서울특별시 종로구 체부동  52번지 404호  
3000000,211,2018,5,미용업(일반),20180402,데일리 아이래쉬,22.25,,20180402,,20180402,혜화동,20200114,개인사정,기타,,0,0,0,6,0,N,0,3000000-211-2018-00005,내국인,,서울특별시 종로구 대학로 144 중원빌딩 505-2호 (혜화동),서울특별시 종로구 혜화동  185번지  중원빌딩-505-2
3000000,211,2018,6,미용업(일반),20180409,모노헤어,19.31,,20180409,,20180409,사직동,,,일반미용업,,0,0,0,2,0,N,0,3000000-211-2018-00006,내국인,,서울특별시 종로구 사직로8길 34 경희궁의아침 3단지 상가 1층 136호 (내수동),서울특별시 종로구 내수동  72번지  경희궁의아침 3단지 상가-136
3000000,211,2018,7,미용업(일반),20180702,훈헤어,30.22,,20180702,,20180702,교남동,,,일반미용업,,0,0,0,2,0,N,0,3000000-211-2018-00007,내국인,,서울특별시 종로구 송월길 155 펠리스에비뉴 4BL 4109호 (교북동 경희궁자이 4단지),서울특별시 종로구 교남동  62번지 1호  펠리스에비뉴 4BL 4109호
3000000,211,2018,8,미용업(일반),20180905,그리다헤어(HAIR),68.7,,20180905,,20180905,숭인제1동,,,일반미용업,,0,0,0,4,0,N,0,3000000-211-2018-00008,내국인,,서울특별시 종로구 지봉로 60 1층 (숭인동),서울특별시 종로구 숭인동  65번지 20호  
3000000,211,2018,9,미용업(일반),20181001,보떼컬러,34.1,,20181001,,20181001,혜화동,20190722,영업소득감소와 병가,일반미용업,,0,0,0,1,0,N,0,3000000-211-2018-00009,내국인,,서울특별시 종로구 혜화로 19-1 2층 201호 (명륜1가),서울특별시 종로구 명륜1가  36번지 52호  2층-201
3000000,211,2018,10,미용업(일반),20181102,에벤에셀 헤어샵,24.25,02  722 1379,20181102,,20181102,청운효자동,,,일반미용업,,0,0,0,3,0,N,0,3000000-211-2018-00010,내국인,,서울특별시 종로구 자하문로9길 34 1층 (누하동),서울특별시 종로구 누하동  36번지 1호  1층
3000000,211,2018,11,미용업(일반),20181212,헤어온 서울대병원점,116.04,,20181212,,20181212,이화동,,,일반미용업,20181210,0,0,0,8,0,N,0,3000000-211-2018-00011,내국인,,서울특별시 종로구 대학로 101 서울대학교병원 대한외래센터동 지하1층 (연건동),서울특별시 종로구 연건동  28번지 21호  서울대학교병원 내 대한외래센터-지하1층
3000000,211,2019,1,미용업(일반),20190102,마르떼헤어,35.3,,20190102,,20190102,교남동,,,일반미용업,,0,0,0,4,0,N,0,3000000-211-2019-00001,내국인,,서울특별시 종로구 경교장길 35 상가동 3115호 (평동 경희궁자이 3단지),서울특별시 종로구 평동  233번지 상가 경희궁자이 3단지-3115
3000000,211,2019,2,미용업(일반),20190107,이성희헤어샵,42.8,,20190107,,20190107,창신제2동,,,일반미용업,,0,0,0,3,0,N,0,3000000-211-2019-00002,내국인,,서울특별시 종로구 종로 301 1층 (창신동),서울특별시 종로구 창신동  551번지  1층
3000000,211,2019,3,미용업(일반),20190131,모아쉬,85.9,,20190131,,20190131,청운효자동,,,일반미용업,,0,0,0,3,0,N,0,3000000-211-2019-00003,내국인,,서울특별시 종로구 자하문로10길 7 1층 (창성동),서울특별시 종로구 창성동  131번지  1층
3000000,211,2019,4,미용업(일반),20190219,감각을 더하다,49.5,,20190219,,20190219,혜화동,,,일반미용업,,0,0,0,5,0,N,0,3000000-211-2019-00004,내국인,,서울특별시 종로구 창경궁로 236 이화빌딩 3층 302호 (명륜4가),서울특별시 종로구 명륜4가  187번지  이화빌딩-302
3000000,211,2019,5,미용업(일반),20190305,디그헤어(DIG HAIR),83.99,,20190305,,20190305,종로1.2.3.4가동,,,일반미용업,,0,0,0,6,0,N,0,3000000-211-2019-00005,내국인,,서울특별시 종로구 삼봉로 95 종로1가 대성 스카이렉스 2층 206-1호 (견지동),서울특별시 종로구 견지동  110번지  종로1가 대성 스카이렉스-206-1
3000000,211,2019,6,미용업(일반),20190415,솝,12.6,,20190415,,20190415,청운효자동,,,일반미용업,,0,0,0,1,0,N,0,3000000-211-2019-00006,내국인,,서울특별시 종로구 자하문로9길 24 1층 (통인동),서울특별시 종로구 통인동  74번지  1층
3000000,211,2019,7,미용업(일반),20190527,태양커트,44.17,,20190527,,20190527,창신제1동,,,일반미용업,,0,0,0,3,0,N,0,3000000-211-2019-00007,내국인,,서울특별시 종로구 종로 336 1층 103호 (창신동),서울특별시 종로구 창신동  326번지 6호  1층-103
3000000,211,2019,8,미용업(일반),20190528,하이크라스 헤어,47,,20190528,,20190528,청운효자동,,,일반미용업,,0,0,0,4,0,N,0,3000000-211-2019-00008,내국인,,서울특별시 종로구 자하문로7길 69 1층 (누하동),서울특별시 종로구 누하동  20번지  1층
3000000,211,2019,8,미용업(일반),20190528,서촌 머리방 박동광,47,,20190528,,20190528,청운효자동,,,일반미용업,,0,0,0,4,0,N,0,3000000-211-2019-00008,내국인,,서울특별시 종로구 자하문로7길 69 1층 (누하동),서울특별시 종로구 누하동  20번지  1층
3000000,211,2019,8,미용업(일반),20190528,하이크라스 헤어,47,,20200129,,20190528,청운효자동,,,일반미용업,,0,0,0,4,0,N,0,3000000-211-2019-00008,내국인,,서울특별시 종로구 자하문로7길 69 1층 (누하동),서울특별시 종로구 누하동  20번지  1층
3000000,211,2019,8,미용업(일반),20190528,서촌 머리방 박동광,47,,20200129,,20190528,청운효자동,,,일반미용업,,0,0,0,4,0,N,0,3000000-211-2019-00008,내국인,,서울특별시 종로구 자하문로7길 69 1층 (누하동),서울특별시 종로구 누하동  20번지  1층
3000000,211,2019,9,미용업(일반),20190613,금화 남성컷트,22.4,,20190613,,20190613,숭인제2동,,,일반미용업,,0,0,0,3,0,N,0,3000000-211-2019-00009,내국인,,서울특별시 종로구 난계로25길 84 2층 202호 (숭인동),서울특별시 종로구 숭인동  234번지 32호  2층-202
3000000,211,2019,10,미용업(일반),20190823,더 헤어 샵(The hair shop),72.98,,20190823,,20190823,종로1.2.3.4가동,,,일반미용업,,0,0,0,11,0,N,0,3000000-211-2019-00010,내국인,,서울특별시 종로구 종로 70-1 2층 (종로2가),서울특별시 종로구 종로2가  84번지 5호  2층
3000000,211,2019,11,미용업(일반),20190916,베아르시 미용실 광화문점,158.89,02720 7741,20190916,,20190916,사직동,,,일반미용업,,0,0,0,8,0,N,0,3000000-211-2019-00011,내국인,,서울특별시 종로구 경희궁길 7 2층 (신문로2가),서울특별시 종로구 신문로2가  1번지 143호  2층
3000000,211,2019,11,미용업(일반),20190916,베아르시,158.89,02720 7741,20190916,,20190916,사직동,,,일반미용업,,0,0,0,8,0,N,0,3000000-211-2019-00011,내국인,,서울특별시 종로구 경희궁길 7 2층 (신문로2가),서울특별시 종로구 신문로2가  1번지 143호  2층
3000000,211,2019,12,미용업(일반),20191203,레드폴,10,,20191203,,20191203,종로1.2.3.4가동,,,일반미용업,,0,0,0,3,0,N,0,3000000-211-2019-00012,내국인,,서울특별시 종로구 돈화문로 82 도서출판집문당 (와룡동),서울특별시 종로구 와룡동  94번지 1호  도서출판집문당
3000000,211,2020,1,미용업(일반),20200211,이로헤어,132.75,02 7221501,20200211,,20200211,교남동,,,일반미용업,,0,0,0,8,0,N,0,3000000-211-2020-00001,내국인,,서울특별시 종로구 통일로12길 6-13 (교북동),서울특별시 종로구 교북동  1번지 44호  
